materials ,nA,nB,nX,rA,rB,rX,(rA/rB),(rA/rX),(rB/rX),exp_label
AgBrO3,1,5,-2,1.28,0.31,1.4,4.129032258,0.914285714,0.221428571,-1
AgCdBr3,1,2,-1,1.28,0.95,1.96,1.347368421,0.653061224,0.484693878,-1
PbAgBr3,2,1,-1,1.49,1.15,1.96,1.295652174,0.760204082,0.586734694,-1
AgCaCl3,1,2,-1,1.28,1,1.81,1.28,0.70718232,0.552486188,-1
AgClO3,1,5,-2,1.28,0.12,1.4,10.66666667,0.914285714,0.085714286,-1
AgMgCl3,1,2,-1,1.28,0.72,1.81,1.777777778,0.70718232,0.397790055,-1
AgSnCl3,1,2,-1,1.28,1.15,1.81,1.113043478,0.70718232,0.635359116,-1
PbAgF3,2,1,-1,1.49,1.15,1.33,1.295652174,1.120300752,0.864661654,-1
AgNO3,1,5,-2,1.28,0.13,1.4,9.846153846,0.914285714,0.092857143,-1
AgPO3,1,5,-2,1.28,0.38,1.4,3.368421053,0.914285714,0.271428571,-1
AgSbO3,1,5,-2,1.28,0.6,1.4,2.133333333,0.914285714,0.428571429,-1
AgVO3,1,5,-2,1.28,0.54,1.4,2.37037037,0.914285714,0.385714286,-1
AlBO3,3,3,-2,0.54,0.27,1.4,2,0.385714286,0.192857143,-1
FeAlO3,3,3,-2,0.78,0.54,1.4,1.444444444,0.557142857,0.385714286,-1
LiAsO3,1,5,-2,0.92,0.46,1.4,2,0.657142857,0.328571429,-1
NaAsO3,1,5,-2,1.39,0.46,1.4,3.02173913,0.992857143,0.328571429,-1
SbAsO3,3,3,-2,0.76,0.58,1.4,1.310344828,0.542857143,0.414285714,-1
CrBO3,3,3,-2,0.62,0.27,1.4,2.296296296,0.442857143,0.192857143,-1
ErBO3,3,3,-2,1.06,0.27,1.4,3.925925926,0.757142857,0.192857143,-1
EuBO3,3,3,-2,1.12,0.27,1.4,4.148148148,0.8,0.192857143,-1
FeBO3,3,3,-2,0.78,0.27,1.4,2.888888889,0.557142857,0.192857143,-1
GdBO3,3,3,-2,1.11,0.27,1.4,4.111111111,0.792857143,0.192857143,-1
HoBO3,3,3,-2,1.12,0.27,1.4,4.148148148,0.8,0.192857143,-1
InBO3,3,3,-2,0.92,0.27,1.4,3.407407407,0.657142857,0.192857143,-1
LaBO3,3,3,-2,1.36,0.27,1.4,5.037037037,0.971428571,0.192857143,-1
ScBO3,3,3,-2,0.87,0.27,1.4,3.222222222,0.621428571,0.192857143,-1
TmBO3,3,3,-2,1.05,0.27,1.4,3.888888889,0.75,0.192857143,-1
VBO3,3,3,-2,0.64,0.27,1.4,2.37037037,0.457142857,0.192857143,-1
YBO3,3,3,-2,1.08,0.27,1.4,4,0.771428571,0.192857143,-1
CsBaBr3,1,2,-1,1.88,1.35,1.96,1.392592593,0.959183673,0.68877551,-1
KBaBr3,1,2,-1,1.64,1.35,1.96,1.214814815,0.836734694,0.68877551,-1
BaNaBr3,2,1,-1,1.61,1.02,1.96,1.578431373,0.821428571,0.520408163,-1
RbBaBr3,1,2,-1,1.72,1.35,1.96,1.274074074,0.87755102,0.68877551,-1
BaCO3,2,4,-2,1.61,0.16,1.4,10.0625,1.15,0.114285714,-1
CsBaCl3,1,2,-1,1.88,1.35,1.81,1.392592593,1.038674033,0.745856354,-1
KBaCl3,1,2,-1,1.64,1.35,1.81,1.214814815,0.906077348,0.745856354,-1
BaLiCl3,2,1,-1,1.61,0.76,1.81,2.118421053,0.889502762,0.419889503,-1
BaNaCl3,2,1,-1,1.61,1.02,1.81,1.578431373,0.889502762,0.563535912,-1
BaCoO3,2,4,-2,1.61,0.53,1.4,3.037735849,1.15,0.378571429,-1
BaCrO3,2,4,-2,1.61,0.55,1.4,2.927272727,1.15,0.392857143,-1
CsBaF3,1,2,-1,1.88,1.35,1.33,1.392592593,1.413533835,1.015037594,-1
KBaF3,1,2,-1,1.64,1.35,1.33,1.214814815,1.233082707,1.015037594,-1
BaGeO3,2,4,-2,1.61,0.53,1.4,3.037735849,1.15,0.378571429,-1
BaMnO3,2,4,-2,1.61,0.53,1.4,3.037735849,1.15,0.378571429,-1
BaSiO3,2,4,-2,1.61,0.4,1.4,4.025,1.15,0.285714286,-1
KBeCl3,1,2,-1,1.64,0.45,1.81,3.644444444,0.906077348,0.248618785,-1
NaBeCl3,1,2,-1,1.39,0.45,1.81,3.088888889,0.767955801,0.248618785,-1
RbBeCl3,1,2,-1,1.72,0.45,1.81,3.822222222,0.950276243,0.248618785,-1
TlBeCl3,1,2,-1,1.7,0.45,1.81,3.777777778,0.939226519,0.248618785,-1
RbBeF3,1,2,-1,1.72,0.45,1.33,3.822222222,1.293233083,0.338345865,-1
KBiO3,1,5,-2,1.64,0.76,1.4,2.157894737,1.171428571,0.542857143,-1
LiBiO3,1,5,-2,0.92,0.76,1.4,1.210526316,0.657142857,0.542857143,-1
NaBiO3,1,5,-2,1.39,0.76,1.4,1.828947368,0.992857143,0.542857143,-1
CsBrO3,1,5,-2,1.88,0.31,1.4,6.064516129,1.342857143,0.221428571,-1
KBrO3,1,5,-2,1.64,0.31,1.4,5.290322581,1.171428571,0.221428571,-1
NaBrO3,1,5,-2,1.39,0.31,1.4,4.483870968,0.992857143,0.221428571,-1
RbBrO3,1,5,-2,1.72,0.31,1.4,5.548387097,1.228571429,0.221428571,-1
TlBrO3,1,5,-2,1.7,0.31,1.4,5.483870968,1.214285714,0.221428571,-1
CaLiBr3,2,1,-1,1.34,0.76,1.96,1.763157895,0.683673469,0.387755102,-1
NaCaBr3,1,2,-1,1.39,1,1.96,1.39,0.709183673,0.510204082,-1
NaCdBr3,1,2,-1,1.39,0.95,1.96,1.463157895,0.709183673,0.484693878,-1
KCoBr3,1,2,-1,1.64,0.74,1.96,2.216216216,0.836734694,0.37755102,-1
LiCoBr3,1,2,-1,0.92,0.74,1.96,1.243243243,0.469387755,0.37755102,-1
CsMnBr3,1,2,-1,1.88,0.83,1.96,2.265060241,0.959183673,0.423469388,-1
CsNiBr3,1,2,-1,1.88,0.69,1.96,2.724637681,0.959183673,0.352040816,-1
CsTiBr3,1,2,-1,1.88,0.86,1.96,2.186046512,0.959183673,0.43877551,-1
LiMgBr3,1,2,-1,0.92,0.72,1.96,1.277777778,0.469387755,0.367346939,-1
SrLiBr3,2,1,-1,1.44,0.76,1.96,1.894736842,0.734693878,0.387755102,-1
NaMgBr3,1,2,-1,1.39,0.72,1.96,1.930555556,0.709183673,0.367346939,-1
RbMnBr3,1,2,-1,1.72,0.83,1.96,2.072289157,0.87755102,0.423469388,-1
SrNaBr3,2,1,-1,1.44,1.02,1.96,1.411764706,0.734693878,0.520408163,-1
RbNiBr3,1,2,-1,1.72,0.69,1.96,2.492753623,0.87755102,0.352040816,-1
CdCO3,2,4,-2,1.31,0.16,1.4,8.1875,0.935714286,0.114285714,-1
CoCO3,2,4,-2,0.9,0.16,1.4,5.625,0.642857143,0.114285714,-1
MgCO3,2,4,-2,0.89,0.16,1.4,5.5625,0.635714286,0.114285714,-1
PbCO3,2,4,-2,1.49,0.16,1.4,9.3125,1.064285714,0.114285714,-1
SrCO3,2,4,-2,1.44,0.16,1.4,9,1.028571429,0.114285714,-1
CaCuCl3,2,1,-1,1.34,0.77,1.81,1.74025974,0.740331492,0.425414365,-1
NaCaCl3,1,2,-1,1.39,1,1.81,1.39,0.767955801,0.552486188,-1
CaLiF3,2,1,-1,1.34,0.76,1.33,1.763157895,1.007518797,0.571428571,-1
NaCaF3,1,2,-1,1.39,1,1.33,1.39,1.045112782,0.751879699,-1
KCaI3,1,2,-1,1.64,1,2.2,1.64,0.745454545,0.454545455,-1
NaCaI3,1,2,-1,1.39,1,2.2,1.39,0.631818182,0.454545455,-1
RbCaI3,1,2,-1,1.72,1,2.2,1.72,0.781818182,0.454545455,-1
CdCuCl3,2,1,-1,1.31,0.77,1.81,1.701298701,0.723756906,0.425414365,-1
NaCdCl3,1,2,-1,1.39,0.95,1.81,1.463157895,0.767955801,0.524861878,-1
NaCdF3,1,2,-1,1.39,0.95,1.33,1.463157895,1.045112782,0.714285714,-1
KCdI3,1,2,-1,1.64,0.95,2.2,1.726315789,0.745454545,0.431818182,-1
NaCdI3,1,2,-1,1.39,0.95,2.2,1.463157895,0.631818182,0.431818182,-1
TlCdI3,1,2,-1,1.7,0.95,2.2,1.789473684,0.772727273,0.431818182,-1
CdPbO3,2,4,-2,1.31,0.78,1.4,1.679487179,0.935714286,0.557142857,-1
CdSO3,2,4,-2,1.31,0.37,1.4,3.540540541,0.935714286,0.264285714,-1
CdSeO3,2,4,-2,1.31,0.5,1.4,2.62,0.935714286,0.357142857,-1
TeCdO3,4,2,-2,0.97,0.95,1.4,1.021052632,0.692857143,0.678571429,-1
KClO3,1,5,-2,1.64,0.12,1.4,13.66666667,1.171428571,0.085714286,-1
RbClO3,1,5,-2,1.72,0.12,1.4,14.33333333,1.228571429,0.085714286,-1
RbCoCl3,1,2,-1,1.72,0.74,1.81,2.324324324,0.950276243,0.408839779,-1
CsCrCl3,1,2,-1,1.88,0.8,1.81,2.35,1.038674033,0.44198895,-1
CrLiCl3,2,1,-1,0.8,0.76,1.81,1.052631579,0.44198895,0.419889503,-1
NaCrCl3,1,2,-1,1.39,0.8,1.81,1.7375,0.767955801,0.44198895,-1
CsFeCl3,1,2,-1,1.88,0.78,1.81,2.41025641,1.038674033,0.430939227,-1
CsGeCl3,1,2,-1,1.88,0.73,1.81,2.575342466,1.038674033,0.403314917,-1
CsNiCl3,1,2,-1,1.88,0.69,1.81,2.724637681,1.038674033,0.38121547,-1
CsVCl3,1,2,-1,1.88,0.79,1.81,2.379746835,1.038674033,0.436464088,-1
RbEuCl3,1,2,-1,1.72,1.17,1.81,1.47008547,0.950276243,0.64640884,-1
RbFeCl3,1,2,-1,1.72,0.78,1.81,2.205128205,0.950276243,0.430939227,-1
KNiCl3,1,2,-1,1.64,0.69,1.81,2.376811594,0.906077348,0.38121547,-1
KSmCl3,1,2,-1,1.64,1.22,1.81,1.344262295,0.906077348,0.674033149,-1
LiMgCl3,1,2,-1,0.92,0.72,1.81,1.277777778,0.508287293,0.397790055,-1
LiNiCl3,1,2,-1,0.92,0.69,1.81,1.333333333,0.508287293,0.38121547,-1
PbLiCl3,2,1,-1,1.49,0.76,1.81,1.960526316,0.82320442,0.419889503,-1
VLiCl3,2,1,-1,0.79,0.76,1.81,1.039473684,0.436464088,0.419889503,-1
NaMnCl3,1,2,-1,1.39,0.83,1.81,1.674698795,0.767955801,0.458563536,-1
NaNiCl3,1,2,-1,1.39,0.69,1.81,2.014492754,0.767955801,0.38121547,-1
SnNaCl3,2,1,-1,1.15,1.02,1.81,1.12745098,0.635359116,0.563535912,-1
NaZnCl3,1,2,-1,1.39,0.74,1.81,1.878378378,0.767955801,0.408839779,-1
TlPbCl3,1,2,-1,1.7,1.19,1.81,1.428571429,0.939226519,0.657458564,-1
RbSrCl3,1,2,-1,1.72,1.18,1.81,1.457627119,0.950276243,0.651933702,-1
TlSrCl3,1,2,-1,1.7,1.18,1.81,1.440677966,0.939226519,0.651933702,-1
TlZnCl3,1,2,-1,1.7,0.74,1.81,2.297297297,0.939226519,0.408839779,-1
KCoI3,1,2,-1,1.64,0.74,2.2,2.216216216,0.745454545,0.336363636,-1
CoMnO3,2,4,-2,0.9,0.53,1.4,1.698113208,0.642857143,0.378571429,-1
CoSeO3,2,4,-2,0.9,0.5,1.4,1.8,0.642857143,0.357142857,-1
CoSiO3,2,4,-2,0.9,0.4,1.4,2.25,0.642857143,0.285714286,-1
TeCoO3,4,2,-2,0.97,0.74,1.4,1.310810811,0.692857143,0.528571429,-1
CoTiO3,2,4,-2,0.9,0.6,1.4,1.5,0.642857143,0.428571429,-1
CrMoO3,2,4,-2,0.8,0.65,1.4,1.230769231,0.571428571,0.464285714,-1
VCrO3,3,3,-2,0.64,0.62,1.4,1.032258065,0.457142857,0.442857143,-1
CsMnF3,1,2,-1,1.88,0.83,1.33,2.265060241,1.413533835,0.62406015,-1
CsGeI3,1,2,-1,1.88,0.73,2.2,2.575342466,0.854545455,0.331818182,-1
CsMgI3,1,2,-1,1.88,0.72,2.2,2.611111111,0.854545455,0.327272727,-1
CsMnI3,1,2,-1,1.88,0.83,2.2,2.265060241,0.854545455,0.377272727,-1
CsNiI3,1,2,-1,1.88,0.69,2.2,2.724637681,0.854545455,0.313636364,-1
CsSrI3,1,2,-1,1.88,1.18,2.2,1.593220339,0.854545455,0.536363636,-1
CsTiI3,1,2,-1,1.88,0.86,2.2,2.186046512,0.854545455,0.390909091,-1
CsVI3,1,2,-1,1.88,0.79,2.2,2.379746835,0.854545455,0.359090909,-1
CsNbO3,1,5,-2,1.88,0.64,1.4,2.9375,1.342857143,0.457142857,-1
CsVO3,1,5,-2,1.88,0.54,1.4,3.481481481,1.342857143,0.385714286,-1
CuGeO3,2,4,-2,0.73,0.53,1.4,1.377358491,0.521428571,0.378571429,-1
CuNbO3,1,5,-2,0.77,0.64,1.4,1.203125,0.55,0.457142857,-1
CuVO3,1,5,-2,0.77,0.54,1.4,1.425925926,0.55,0.385714286,-1
LiMgF3,1,2,-1,0.92,0.72,1.33,1.277777778,0.691729323,0.541353383,-1
MnLiF3,2,1,-1,0.96,0.76,1.33,1.263157895,0.721804511,0.571428571,-1
PbLiF3,2,1,-1,1.49,0.76,1.33,1.960526316,1.120300752,0.571428571,-1
LiZnF3,1,2,-1,0.92,0.74,1.33,1.243243243,0.691729323,0.556390977,-1
PbNaF3,2,1,-1,1.49,1.02,1.33,1.460784314,1.120300752,0.766917293,-1
RbSrF3,1,2,-1,1.72,1.18,1.33,1.457627119,1.293233083,0.887218045,-1
FeGaO3,3,3,-2,0.78,0.62,1.4,1.258064516,0.557142857,0.442857143,-1
TlFeI3,1,2,-1,1.7,0.78,2.2,2.179487179,0.772727273,0.354545455,-1
InFeO3,3,3,-2,0.92,0.64,1.4,1.4375,0.657142857,0.457142857,-1
FeMnO3,2,4,-2,0.92,0.53,1.4,1.735849057,0.657142857,0.378571429,-1
FeSO3,2,4,-2,0.92,0.37,1.4,2.486486486,0.657142857,0.264285714,-1
FeSiO3,2,4,-2,0.92,0.4,1.4,2.3,0.657142857,0.285714286,-1
FeTiO3,2,4,-2,0.92,0.6,1.4,1.533333333,0.657142857,0.428571429,-1
InGaO3,3,3,-2,0.92,0.62,1.4,1.483870968,0.657142857,0.442857143,-1
RbGeI3,1,2,-1,1.72,0.73,2.2,2.356164384,0.781818182,0.331818182,-1
TlGeI3,1,2,-1,1.7,0.73,2.2,2.328767123,0.772727273,0.331818182,-1
MgGeO3,2,4,-2,0.89,0.53,1.4,1.679245283,0.635714286,0.378571429,-1
GeMnO3,2,4,-2,0.73,0.53,1.4,1.377358491,0.521428571,0.378571429,-1
NaHgI3,1,2,-1,1.39,1.02,2.2,1.362745098,0.631818182,0.463636364,-1
HgSeO3,2,4,-2,1.14,0.5,1.4,2.28,0.814285714,0.357142857,-1
ILiO3,5,1,-2,0.95,0.76,1.4,1.25,0.678571429,0.542857143,-1
KMgI3,1,2,-1,1.64,0.72,2.2,2.277777778,0.745454545,0.327272727,-1
KMnI3,1,2,-1,1.64,0.83,2.2,1.975903614,0.745454545,0.377272727,-1
KTiI3,1,2,-1,1.64,0.86,2.2,1.906976744,0.745454545,0.390909091,-1
KTmI3,1,2,-1,1.64,1.03,2.2,1.59223301,0.745454545,0.468181818,-1
LiMgI3,1,2,-1,0.92,0.72,2.2,1.277777778,0.418181818,0.327272727,-1
NaMgI3,1,2,-1,1.39,0.72,2.2,1.930555556,0.631818182,0.327272727,-1
RbMgI3,1,2,-1,1.72,0.72,2.2,2.388888889,0.781818182,0.327272727,-1
RbMnI3,1,2,-1,1.72,0.83,2.2,2.072289157,0.781818182,0.377272727,-1
TlMnI3,1,2,-1,1.7,0.83,2.2,2.048192771,0.772727273,0.377272727,-1
TlPbI3,1,2,-1,1.7,1.19,2.2,1.428571429,0.772727273,0.540909091,-1
RbSnI3,1,2,-1,1.72,1.15,2.2,1.495652174,0.781818182,0.522727273,-1
RbTiI3,1,2,-1,1.72,0.86,2.2,2,0.781818182,0.390909091,-1
RbVI3,1,2,-1,1.72,0.79,2.2,2.17721519,0.781818182,0.359090909,-1
RbYbI3,1,2,-1,1.72,1.02,2.2,1.68627451,0.781818182,0.463636364,-1
InMnO3,3,3,-2,0.92,0.64,1.4,1.4375,0.657142857,0.457142857,-1
KNO3,1,5,-2,1.64,0.13,1.4,12.61538462,1.171428571,0.092857143,-1
KPO3,1,5,-2,1.64,0.38,1.4,4.315789474,1.171428571,0.271428571,-1
KSbO3,1,5,-2,1.64,0.6,1.4,2.733333333,1.171428571,0.428571429,-1
KVO3,1,5,-2,1.64,0.54,1.4,3.037037037,1.171428571,0.385714286,-1
LaTlO3,3,3,-2,1.36,0.88,1.4,1.545454545,0.971428571,0.628571429,-1
LiNO3,1,5,-2,0.92,0.13,1.4,7.076923077,0.657142857,0.092857143,-1
LiNbO3,1,5,-2,0.92,0.64,1.4,1.4375,0.657142857,0.457142857,-1
LiPO3,1,5,-2,0.92,0.38,1.4,2.421052632,0.657142857,0.271428571,-1
LiReO3,1,5,-2,0.92,0.58,1.4,1.586206897,0.657142857,0.414285714,-1
LiSbO3,1,5,-2,0.92,0.6,1.4,1.533333333,0.657142857,0.428571429,-1
LiTaO3,1,5,-2,0.92,0.64,1.4,1.4375,0.657142857,0.457142857,-1
LiVO3,1,5,-2,0.92,0.54,1.4,1.703703704,0.657142857,0.385714286,-1
MgSeO3,2,4,-2,0.89,0.5,1.4,1.78,0.635714286,0.357142857,-1
MgVO3,2,4,-2,0.89,0.58,1.4,1.534482759,0.635714286,0.414285714,-1
NiMnO3,2,4,-2,0.69,0.53,1.4,1.301886792,0.492857143,0.378571429,-1
MnSO3,2,4,-2,0.96,0.37,1.4,2.594594595,0.685714286,0.264285714,-1
MnSiO3,2,4,-2,0.96,0.4,1.4,2.4,0.685714286,0.285714286,-1
SnMnO3,2,4,-2,1.15,0.53,1.4,2.169811321,0.821428571,0.378571429,-1
TiMnO3,3,3,-2,0.67,0.64,1.4,1.046875,0.478571429,0.457142857,-1
NaNO3,1,5,-2,1.39,0.13,1.4,10.69230769,0.992857143,0.092857143,-1
TlNO3,1,5,-2,1.7,0.13,1.4,13.07692308,1.214285714,0.092857143,-1
NaPO3,1,5,-2,1.39,0.38,1.4,3.657894737,0.992857143,0.271428571,-1
NaVO3,1,5,-2,1.39,0.54,1.4,2.574074074,0.992857143,0.385714286,-1
NiSeO3,2,4,-2,0.69,0.5,1.4,1.38,0.492857143,0.357142857,-1
NiTiO3,2,4,-2,0.69,0.6,1.4,1.15,0.492857143,0.428571429,-1
RbPO3,1,5,-2,1.72,0.38,1.4,4.526315789,1.228571429,0.271428571,-1
PbSO3,2,4,-2,1.49,0.37,1.4,4.027027027,1.064285714,0.264285714,-1
PbSeO3,2,4,-2,1.49,0.5,1.4,2.98,1.064285714,0.357142857,-1
PbSiO3,2,4,-2,1.49,0.4,1.4,3.725,1.064285714,0.285714286,-1
PbTeO3,2,4,-2,1.49,0.97,1.4,1.536082474,1.064285714,0.692857143,-1
RbVO3,1,5,-2,1.72,0.54,1.4,3.185185185,1.228571429,0.385714286,-1
TlSbO3,1,5,-2,1.7,0.6,1.4,2.833333333,1.214285714,0.428571429,-1
ZnSeO3,2,4,-2,0.9,0.5,1.4,1.8,0.642857143,0.357142857,-1
SrSiO3,2,4,-2,1.44,0.4,1.4,3.6,1.028571429,0.285714286,-1
ZnSiO3,2,4,-2,0.9,0.4,1.4,2.25,0.642857143,0.285714286,-1
SmYO3,3,3,-2,1.24,0.9,1.4,1.377777778,0.885714286,0.642857143,-1
ZnSnO3,2,4,-2,0.9,0.69,1.4,1.304347826,0.642857143,0.492857143,-1
TeZnO3,4,2,-2,0.97,0.74,1.4,1.310810811,0.692857143,0.528571429,-1
ZnTiO3,2,4,-2,0.9,0.6,1.4,1.5,0.642857143,0.428571429,-1
TlVO3,3,3,-2,0.98,0.64,1.4,1.53125,0.7,0.457142857,-1
YYbO3,3,3,-2,1.08,0.87,1.4,1.24137931,0.771428571,0.621428571,-1
AgBiO3,1,5,-2,1.28,0.76,1.4,1.684210526,0.914285714,0.542857143,-1
DyBO3,3,3,-2,1.08,0.27,1.4,4,0.771428571,0.192857143,-1
LuBO3,3,3,-2,1.03,0.27,1.4,3.814814815,0.735714286,0.192857143,-1
SmBO3,3,3,-2,1.24,0.27,1.4,4.592592593,0.885714286,0.192857143,-1
TiBO3,3,3,-2,0.67,0.27,1.4,2.481481481,0.478571429,0.192857143,-1
BaLiBr3,2,1,-1,1.61,0.76,1.96,2.118421053,0.821428571,0.387755102,-1
BaNaF3,2,1,-1,1.61,1.02,1.33,1.578431373,1.210526316,0.766917293,-1
BaNiO3,2,4,-2,1.61,0.48,1.4,3.354166667,1.15,0.342857143,-1
BaRuO3,2,4,-2,1.61,0.62,1.4,2.596774194,1.15,0.442857143,-1
BaTeO3,2,4,-2,1.61,0.97,1.4,1.659793814,1.15,0.692857143,-1
LiBeCl3,1,2,-1,0.92,0.45,1.81,2.044444444,0.508287293,0.248618785,-1
PbLiBr3,2,1,-1,1.49,0.76,1.96,1.960526316,0.760204082,0.387755102,-1
CaCO3,2,4,-2,1.34,0.16,1.4,8.375,0.957142857,0.114285714,-1
CuCO3,2,4,-2,0.73,0.16,1.4,4.5625,0.521428571,0.114285714,-1
MnCO3,2,4,-2,0.96,0.16,1.4,6,0.685714286,0.114285714,-1
CaLiCl3,2,1,-1,1.34,0.76,1.81,1.763157895,0.740331492,0.419889503,-1
CdCuI3,2,1,-1,1.31,0.77,2.2,1.701298701,0.595454545,0.35,-1
NaClO3,1,5,-2,1.39,0.12,1.4,11.58333333,0.992857143,0.085714286,-1
CsCoCl3,1,2,-1,1.88,0.74,1.81,2.540540541,1.038674033,0.408839779,-1
CsMgCl3,1,2,-1,1.88,0.72,1.81,2.611111111,1.038674033,0.397790055,-1
CsZnCl3,1,2,-1,1.88,0.74,1.81,2.540540541,1.038674033,0.408839779,-1
CuZnCl3,1,2,-1,0.77,0.74,1.81,1.040540541,0.425414365,0.408839779,-1
TlEuCl3,1,2,-1,1.7,1.17,1.81,1.452991453,0.939226519,0.64640884,-1
KMgCl3,1,2,-1,1.64,0.72,1.81,2.277777778,0.906077348,0.397790055,-1
KSrCl3,1,2,-1,1.64,1.18,1.81,1.389830508,0.906077348,0.651933702,-1
RbMgCl3,1,2,-1,1.72,0.72,1.81,2.388888889,0.950276243,0.397790055,-1
TlMgCl3,1,2,-1,1.7,0.72,1.81,2.361111111,0.939226519,0.397790055,-1
PbNaCl3,2,1,-1,1.49,1.02,1.81,1.460784314,0.82320442,0.563535912,-1
SrNaCl3,2,1,-1,1.44,1.02,1.81,1.411764706,0.79558011,0.563535912,-1
RbZnCl3,1,2,-1,1.72,0.74,1.81,2.324324324,0.950276243,0.408839779,-1
GeCoO3,2,4,-2,0.73,0.53,1.4,1.377358491,0.521428571,0.378571429,-1
CuSeO3,2,4,-2,0.73,0.5,1.4,1.46,0.521428571,0.357142857,-1
CuSiO3,2,4,-2,0.73,0.4,1.4,1.825,0.521428571,0.285714286,-1
TeCuO3,4,2,-2,0.97,0.73,1.4,1.328767123,0.692857143,0.521428571,-1
ZnGeO3,2,4,-2,0.9,0.53,1.4,1.698113208,0.642857143,0.378571429,-1
KHgI3,1,2,-1,1.64,1.02,2.2,1.607843137,0.745454545,0.463636364,-1
HgTeO3,2,4,-2,1.14,0.97,1.4,1.175257732,0.814285714,0.692857143,-1
MnLiI3,2,1,-1,0.96,0.76,2.2,1.263157895,0.436363636,0.345454545,-1
RbPbI3,1,2,-1,1.72,1.19,2.2,1.445378151,0.781818182,0.540909091,-1
YInO3,3,3,-2,1.08,0.8,1.4,1.35,0.771428571,0.571428571,-1
MgTiO3,2,4,-2,0.89,0.6,1.4,1.483333333,0.635714286,0.428571429,-1
MnSeO3,2,4,-2,0.96,0.5,1.4,1.92,0.685714286,0.357142857,-1
RbNO3,1,5,-2,1.72,0.13,1.4,13.23076923,1.228571429,0.092857143,-1
SrTeO3,2,4,-2,1.44,0.97,1.4,1.484536082,1.028571429,0.692857143,-1
YTmO3,3,3,-2,1.08,0.88,1.4,1.227272727,0.771428571,0.628571429,-1
AgCoF3,1,2,-1,1.28,0.74,1.33,1.72972973,0.962406015,0.556390977,1
AgCuF3,1,2,-1,1.28,0.73,1.33,1.753424658,0.962406015,0.54887218,1
AgMgF3,1,2,-1,1.28,0.72,1.33,1.777777778,0.962406015,0.541353383,1
AgMnF3,1,2,-1,1.28,0.83,1.33,1.542168675,0.962406015,0.62406015,1
AgNiF3,1,2,-1,1.28,0.69,1.33,1.855072464,0.962406015,0.518796992,1
AgZnF3,1,2,-1,1.28,0.74,1.33,1.72972973,0.962406015,0.556390977,1
AgNbO3,1,5,-2,1.28,0.64,1.4,2,0.914285714,0.457142857,1
AgTaO3,1,5,-2,1.28,0.64,1.4,2,0.914285714,0.457142857,1
BiAlO3,3,3,-2,1.17,0.54,1.4,2.166666667,0.835714286,0.385714286,1
CeAlO3,3,3,-2,1.34,0.54,1.4,2.481481481,0.957142857,0.385714286,1
ErAlO3,3,3,-2,1.06,0.54,1.4,1.962962963,0.757142857,0.385714286,1
EuAlO3,3,3,-2,1.12,0.54,1.4,2.074074074,0.8,0.385714286,1
LaAlO3,3,3,-2,1.36,0.54,1.4,2.518518519,0.971428571,0.385714286,1
NdAlO3,3,3,-2,1.27,0.54,1.4,2.351851852,0.907142857,0.385714286,1
PrAlO3,3,3,-2,1.18,0.54,1.4,2.185185185,0.842857143,0.385714286,1
SmAlO3,3,3,-2,1.24,0.54,1.4,2.296296296,0.885714286,0.385714286,1
TbAlO3,3,3,-2,1.1,0.54,1.4,2.037037037,0.785714286,0.385714286,1
TmAlO3,3,3,-2,1.05,0.54,1.4,1.944444444,0.75,0.385714286,1
YAlO3,3,3,-2,1.08,0.54,1.4,2,0.771428571,0.385714286,1
YbAlO3,3,3,-2,1.04,0.54,1.4,1.925925926,0.742857143,0.385714286,1
BaAmO3,2,4,-2,1.61,0.85,1.4,1.894117647,1.15,0.607142857,1
SrAmO3,2,4,-2,1.44,0.85,1.4,1.694117647,1.028571429,0.607142857,1
AmVO3,4,2,-2,0.95,0.79,1.4,1.202531646,0.678571429,0.564285714,1
BaCeO3,2,4,-2,1.61,0.87,1.4,1.850574713,1.15,0.621428571,1
BaHfO3,2,4,-2,1.61,0.71,1.4,2.267605634,1.15,0.507142857,1
BaIrO3,2,4,-2,1.61,0.62,1.4,2.596774194,1.15,0.442857143,1
BaMoO3,2,4,-2,1.61,0.65,1.4,2.476923077,1.15,0.464285714,1
BaNpO3,2,4,-2,1.61,0.87,1.4,1.850574713,1.15,0.621428571,1
BaPaO3,2,4,-2,1.61,0.9,1.4,1.788888889,1.15,0.642857143,1
BaPbO3,2,4,-2,1.61,0.78,1.4,2.064102564,1.15,0.557142857,1
BaThO3,2,4,-2,1.61,0.94,1.4,1.712765957,1.15,0.671428571,1
BaTiO3,2,4,-2,1.61,0.6,1.4,2.683333333,1.15,0.428571429,1
BaUO3,2,4,-2,1.61,0.89,1.4,1.808988764,1.15,0.635714286,1
CsBeF3,1,2,-1,1.88,0.45,1.33,4.177777778,1.413533835,0.338345865,1
BiInO3,3,3,-2,1.17,0.8,1.4,1.4625,0.835714286,0.571428571,1
BiMnO3,3,3,-2,1.17,0.64,1.4,1.828125,0.835714286,0.457142857,1
BiScO3,3,3,-2,1.17,0.74,1.4,1.581081081,0.835714286,0.528571429,1
CsCdBr3,1,2,-1,1.88,0.95,1.96,1.978947368,0.959183673,0.484693878,1
RbCdBr3,1,2,-1,1.72,0.95,1.96,1.810526316,0.87755102,0.484693878,1
CsHgBr3,1,2,-1,1.88,1.02,1.96,1.843137255,0.959183673,0.520408163,1
CsSnBr3,1,2,-1,1.88,1.15,1.96,1.634782609,0.959183673,0.586734694,1
CsCaCl3,1,2,-1,1.88,1,1.81,1.88,1.038674033,0.552486188,1
KCaCl3,1,2,-1,1.64,1,1.81,1.64,0.906077348,0.552486188,1
RbCaCl3,1,2,-1,1.72,1,1.81,1.72,0.950276243,0.552486188,1
CsCaF3,1,2,-1,1.88,1,1.33,1.88,1.413533835,0.751879699,1
KCaF3,1,2,-1,1.64,1,1.33,1.64,1.233082707,0.751879699,1
CaHfO3,2,4,-2,1.34,0.71,1.4,1.887323944,0.957142857,0.507142857,1
CaIrO3,2,4,-2,1.34,0.62,1.4,2.161290323,0.957142857,0.442857143,1
CaNbO3,2,4,-2,1.34,0.68,1.4,1.970588235,0.957142857,0.485714286,1
CaPbO3,2,4,-2,1.34,0.78,1.4,1.717948718,0.957142857,0.557142857,1
CaRuO3,2,4,-2,1.34,0.62,1.4,2.161290323,0.957142857,0.442857143,1
CaSiO3,2,4,-2,1.34,0.4,1.4,3.35,0.957142857,0.285714286,1
CaSnO3,2,4,-2,1.34,0.69,1.4,1.942028986,0.957142857,0.492857143,1
CaTiO3,2,4,-2,1.34,0.6,1.4,2.233333333,0.957142857,0.428571429,1
CaUO3,2,4,-2,1.34,0.89,1.4,1.505617978,0.957142857,0.635714286,1
CaVO3,2,4,-2,1.34,0.58,1.4,2.310344828,0.957142857,0.414285714,1
CaZrO3,2,4,-2,1.34,0.72,1.4,1.861111111,0.957142857,0.514285714,1
KCdCl3,1,2,-1,1.64,0.95,1.81,1.726315789,0.906077348,0.524861878,1
RbCdCl3,1,2,-1,1.72,0.95,1.81,1.810526316,0.950276243,0.524861878,1
TlCdCl3,1,2,-1,1.7,0.95,1.81,1.789473684,0.939226519,0.524861878,1
CsCdF3,1,2,-1,1.88,0.95,1.33,1.978947368,1.413533835,0.714285714,1
KCdF3,1,2,-1,1.64,0.95,1.33,1.726315789,1.233082707,0.714285714,1
RbCdF3,1,2,-1,1.72,0.95,1.33,1.810526316,1.293233083,0.714285714,1
TlCdF3,1,2,-1,1.7,0.95,1.33,1.789473684,1.278195489,0.714285714,1
CdGeO3,2,4,-2,1.31,0.53,1.4,2.471698113,0.935714286,0.378571429,1
CeCrO3,4,2,-2,1.14,0.8,1.4,1.425,0.814285714,0.571428571,1
CeFeO3,4,2,-2,1.14,0.78,1.4,1.461538462,0.814285714,0.557142857,1
CeLuO3,3,3,-2,1.34,0.86,1.4,1.558139535,0.957142857,0.614285714,1
SrCeO3,2,4,-2,1.44,0.87,1.4,1.655172414,1.028571429,0.621428571,1
CeVO3,4,2,-2,1.14,0.79,1.4,1.443037975,0.814285714,0.564285714,1
RbCrCl3,1,2,-1,1.72,0.8,1.81,2.15,0.950276243,0.44198895,1
CsEuCl3,1,2,-1,1.88,1.17,1.81,1.606837607,1.038674033,0.64640884,1
CsHgCl3,1,2,-1,1.88,1.02,1.81,1.843137255,1.038674033,0.563535912,1
CsMnCl3,1,2,-1,1.88,0.83,1.81,2.265060241,1.038674033,0.458563536,1
CsSnCl3,1,2,-1,1.88,1.15,1.81,1.634782609,1.038674033,0.635359116,1
CsSrCl3,1,2,-1,1.88,1.18,1.81,1.593220339,1.038674033,0.651933702,1
KFeCl3,1,2,-1,1.64,0.78,1.81,2.102564103,0.906077348,0.430939227,1
KMnCl3,1,2,-1,1.64,0.83,1.81,1.975903614,0.906077348,0.458563536,1
RbMnCl3,1,2,-1,1.72,0.83,1.81,2.072289157,0.950276243,0.458563536,1
DyCoO3,3,3,-2,1.08,0.61,1.4,1.770491803,0.771428571,0.435714286,1
KCoF3,1,2,-1,1.64,0.74,1.33,2.216216216,1.233082707,0.556390977,1
RbCoF3,1,2,-1,1.72,0.74,1.33,2.324324324,1.293233083,0.556390977,1
TlCoF3,1,2,-1,1.7,0.74,1.33,2.297297297,1.278195489,0.556390977,1
GdCoO3,3,3,-2,1.11,0.61,1.4,1.819672131,0.792857143,0.435714286,1
HoCoO3,3,3,-2,1.12,0.61,1.4,1.836065574,0.8,0.435714286,1
LaCoO3,3,3,-2,1.36,0.61,1.4,2.229508197,0.971428571,0.435714286,1
NdCoO3,3,3,-2,1.27,0.61,1.4,2.081967213,0.907142857,0.435714286,1
PrCoO3,3,3,-2,1.18,0.61,1.4,1.93442623,0.842857143,0.435714286,1
SrCoO3,2,4,-2,1.44,0.53,1.4,2.716981132,1.028571429,0.378571429,1
YCoO3,3,3,-2,1.08,0.61,1.4,1.770491803,0.771428571,0.435714286,1
DyCrO3,3,3,-2,1.08,0.62,1.4,1.741935484,0.771428571,0.442857143,1
ErCrO3,3,3,-2,1.06,0.62,1.4,1.709677419,0.757142857,0.442857143,1
EuCrO3,3,3,-2,1.12,0.62,1.4,1.806451613,0.8,0.442857143,1
KCrF3,1,2,-1,1.64,0.8,1.33,2.05,1.233082707,0.601503759,1
NaCrF3,1,2,-1,1.39,0.8,1.33,1.7375,1.045112782,0.601503759,1
RbCrF3,1,2,-1,1.72,0.8,1.33,2.15,1.293233083,0.601503759,1
GdCrO3,3,3,-2,1.11,0.62,1.4,1.790322581,0.792857143,0.442857143,1
LaCrO3,3,3,-2,1.36,0.62,1.4,2.193548387,0.971428571,0.442857143,1
LuCrO3,3,3,-2,1.03,0.62,1.4,1.661290323,0.735714286,0.442857143,1
NdCrO3,3,3,-2,1.27,0.62,1.4,2.048387097,0.907142857,0.442857143,1
PrCrO3,3,3,-2,1.18,0.62,1.4,1.903225806,0.842857143,0.442857143,1
PuCrO3,4,2,-2,0.96,0.8,1.4,1.2,0.685714286,0.571428571,1
ScCrO3,3,3,-2,0.87,0.62,1.4,1.403225806,0.621428571,0.442857143,1
TmCrO3,3,3,-2,1.05,0.62,1.4,1.693548387,0.75,0.442857143,1
YCrO3,3,3,-2,1.08,0.62,1.4,1.741935484,0.771428571,0.442857143,1
YbCrO3,3,3,-2,1.04,0.62,1.4,1.677419355,0.742857143,0.442857143,1
CsDyI3,1,2,-1,1.88,1.07,2.2,1.757009346,0.854545455,0.486363636,1
CsMgF3,1,2,-1,1.88,0.72,1.33,2.611111111,1.413533835,0.541353383,1
CsPbI3,1,2,-1,1.88,1.19,2.2,1.579831933,0.854545455,0.540909091,1
CsSnI3,1,2,-1,1.88,1.15,2.2,1.634782609,0.854545455,0.522727273,1
CsTmI3,1,2,-1,1.88,1.03,2.2,1.825242718,0.854545455,0.468181818,1
CsYbI3,1,2,-1,1.88,1.02,2.2,1.843137255,0.854545455,0.463636364,1
KCuF3,1,2,-1,1.64,0.73,1.33,2.246575342,1.233082707,0.54887218,1
RbCuF3,1,2,-1,1.72,0.73,1.33,2.356164384,1.293233083,0.54887218,1
TlCuF3,1,2,-1,1.7,0.73,1.33,2.328767123,1.278195489,0.54887218,1
LaCuO3,3,3,-2,1.36,0.54,1.4,2.518518519,0.971428571,0.385714286,1
DyFeO3,3,3,-2,1.08,0.64,1.4,1.6875,0.771428571,0.457142857,1
RbDyI3,1,2,-1,1.72,1.07,2.2,1.607476636,0.781818182,0.486363636,1
DyMnO3,3,3,-2,1.08,0.64,1.4,1.6875,0.771428571,0.457142857,1
DyNiO3,3,3,-2,1.08,0.6,1.4,1.8,0.771428571,0.428571429,1
DyRhO3,3,3,-2,1.08,0.66,1.4,1.636363636,0.771428571,0.471428571,1
DyTiO3,3,3,-2,1.08,0.67,1.4,1.611940299,0.771428571,0.478571429,1
DyVO3,3,3,-2,1.08,0.64,1.4,1.6875,0.771428571,0.457142857,1
ErFeO3,3,3,-2,1.06,0.64,1.4,1.65625,0.757142857,0.457142857,1
ErMnO3,3,3,-2,1.06,0.64,1.4,1.65625,0.757142857,0.457142857,1
ErNiO3,3,3,-2,1.06,0.6,1.4,1.766666667,0.757142857,0.428571429,1
ErTiO3,3,3,-2,1.06,0.67,1.4,1.582089552,0.757142857,0.478571429,1
ErVO3,3,3,-2,1.06,0.64,1.4,1.65625,0.757142857,0.457142857,1
EuFeO3,3,3,-2,1.12,0.64,1.4,1.75,0.8,0.457142857,1
EuGaO3,3,3,-2,1.12,0.62,1.4,1.806451613,0.8,0.442857143,1
EuMnO3,3,3,-2,1.12,0.64,1.4,1.75,0.8,0.457142857,1
EuNiO3,3,3,-2,1.12,0.6,1.4,1.866666667,0.8,0.428571429,1
EuScO3,3,3,-2,1.12,0.74,1.4,1.513513514,0.8,0.528571429,1
KFeF3,1,2,-1,1.64,0.78,1.33,2.102564103,1.233082707,0.586466165,1
NaFeF3,1,2,-1,1.39,0.78,1.33,1.782051282,1.045112782,0.586466165,1
TlFeF3,1,2,-1,1.7,0.78,1.33,2.179487179,1.278195489,0.586466165,1
KHgF3,1,2,-1,1.64,1.02,1.33,1.607843137,1.233082707,0.766917293,1
KMgF3,1,2,-1,1.64,0.72,1.33,2.277777778,1.233082707,0.541353383,1
KMnF3,1,2,-1,1.64,0.83,1.33,1.975903614,1.233082707,0.62406015,1
KNiF3,1,2,-1,1.64,0.69,1.33,2.376811594,1.233082707,0.518796992,1
KVF3,1,2,-1,1.64,0.79,1.33,2.075949367,1.233082707,0.593984962,1
KZnF3,1,2,-1,1.64,0.74,1.33,2.216216216,1.233082707,0.556390977,1
NaMgF3,1,2,-1,1.39,0.72,1.33,1.930555556,1.045112782,0.541353383,1
NaMnF3,1,2,-1,1.39,0.83,1.33,1.674698795,1.045112782,0.62406015,1
RbMnF3,1,2,-1,1.72,0.83,1.33,2.072289157,1.293233083,0.62406015,1
TlMnF3,1,2,-1,1.7,0.83,1.33,2.048192771,1.278195489,0.62406015,1
NaNiF3,1,2,-1,1.39,0.69,1.33,2.014492754,1.045112782,0.518796992,1
NaZnF3,1,2,-1,1.39,0.74,1.33,1.878378378,1.045112782,0.556390977,1
RbPbF3,1,2,-1,1.72,1.19,1.33,1.445378151,1.293233083,0.894736842,1
RbVF3,1,2,-1,1.72,0.79,1.33,2.17721519,1.293233083,0.593984962,1
RbZnF3,1,2,-1,1.72,0.74,1.33,2.324324324,1.293233083,0.556390977,1
GdFeO3,3,3,-2,1.11,0.64,1.4,1.734375,0.792857143,0.457142857,1
HoFeO3,3,3,-2,1.12,0.64,1.4,1.75,0.8,0.457142857,1
LaFeO3,3,3,-2,1.36,0.64,1.4,2.125,0.971428571,0.457142857,1
PrFeO3,3,3,-2,1.18,0.64,1.4,1.84375,0.842857143,0.457142857,1
SmFeO3,3,3,-2,1.24,0.64,1.4,1.9375,0.885714286,0.457142857,1
TbFeO3,3,3,-2,1.1,0.64,1.4,1.71875,0.785714286,0.457142857,1
TmFeO3,3,3,-2,1.05,0.64,1.4,1.640625,0.75,0.457142857,1
YFeO3,3,3,-2,1.08,0.64,1.4,1.6875,0.771428571,0.457142857,1
GdGaO3,3,3,-2,1.11,0.62,1.4,1.790322581,0.792857143,0.442857143,1
LaGaO3,3,3,-2,1.36,0.62,1.4,2.193548387,0.971428571,0.442857143,1
NdGaO3,3,3,-2,1.27,0.62,1.4,2.048387097,0.907142857,0.442857143,1
PrGaO3,3,3,-2,1.18,0.62,1.4,1.903225806,0.842857143,0.442857143,1
YGaO3,3,3,-2,1.08,0.62,1.4,1.741935484,0.771428571,0.442857143,1
GdMnO3,3,3,-2,1.11,0.64,1.4,1.734375,0.792857143,0.457142857,1
GdNiO3,3,3,-2,1.11,0.6,1.4,1.85,0.792857143,0.428571429,1
GdScO3,3,3,-2,1.11,0.74,1.4,1.5,0.792857143,0.528571429,1
GdTiO3,3,3,-2,1.11,0.67,1.4,1.656716418,0.792857143,0.478571429,1
GdVO3,3,3,-2,1.11,0.64,1.4,1.734375,0.792857143,0.457142857,1
PbGeO3,2,4,-2,1.49,0.53,1.4,2.811320755,1.064285714,0.378571429,1
SrGeO3,2,4,-2,1.44,0.53,1.4,2.716981132,1.028571429,0.378571429,1
PbHfO3,2,4,-2,1.49,0.71,1.4,2.098591549,1.064285714,0.507142857,1
SrHfO3,2,4,-2,1.44,0.71,1.4,2.028169014,1.028571429,0.507142857,1
HgTiO3,2,4,-2,1.14,0.6,1.4,1.9,0.814285714,0.428571429,1
HoNiO3,3,3,-2,1.12,0.6,1.4,1.866666667,0.8,0.428571429,1
HoScO3,3,3,-2,1.12,0.74,1.4,1.513513514,0.8,0.528571429,1
HoTiO3,3,3,-2,1.12,0.67,1.4,1.671641791,0.8,0.478571429,1
NaIO3,1,5,-2,1.39,0.95,1.4,1.463157895,0.992857143,0.678571429,1
TlIO3,1,5,-2,1.7,0.95,1.4,1.789473684,1.214285714,0.678571429,1
RbTmI3,1,2,-1,1.72,1.03,2.2,1.669902913,0.781818182,0.468181818,1
LaInO3,3,3,-2,1.36,0.8,1.4,1.7,0.971428571,0.571428571,1
NdInO3,3,3,-2,1.27,0.8,1.4,1.5875,0.907142857,0.571428571,1
SmInO3,3,3,-2,1.24,0.8,1.4,1.55,0.885714286,0.571428571,1
SrIrO3,2,4,-2,1.44,0.62,1.4,2.322580645,1.028571429,0.442857143,1
KNbO3,1,5,-2,1.64,0.64,1.4,2.5625,1.171428571,0.457142857,1
KTaO3,1,5,-2,1.64,0.64,1.4,2.5625,1.171428571,0.457142857,1
KUO3,1,5,-2,1.64,0.76,1.4,2.157894737,1.171428571,0.542857143,1
LaLuO3,3,3,-2,1.36,0.86,1.4,1.581395349,0.971428571,0.614285714,1
LaMnO3,3,3,-2,1.36,0.64,1.4,2.125,0.971428571,0.457142857,1
LaNiO3,3,3,-2,1.36,0.6,1.4,2.266666667,0.971428571,0.428571429,1
LaScO3,3,3,-2,1.36,0.74,1.4,1.837837838,0.971428571,0.528571429,1
LaTiO3,3,3,-2,1.36,0.67,1.4,2.029850746,0.971428571,0.478571429,1
LaTmO3,3,3,-2,1.36,0.88,1.4,1.545454545,0.971428571,0.628571429,1
LaVO3,3,3,-2,1.36,0.64,1.4,2.125,0.971428571,0.457142857,1
LaYO3,3,3,-2,1.36,0.9,1.4,1.511111111,0.971428571,0.642857143,1
LaYbO3,3,3,-2,1.36,0.87,1.4,1.563218391,0.971428571,0.621428571,1
LuMnO3,3,3,-2,1.03,0.64,1.4,1.609375,0.735714286,0.457142857,1
PrLuO3,3,3,-2,1.18,0.86,1.4,1.372093023,0.842857143,0.614285714,1
LuTiO3,3,3,-2,1.03,0.67,1.4,1.537313433,0.735714286,0.478571429,1
MgSiO3,2,4,-2,0.89,0.4,1.4,2.225,0.635714286,0.285714286,1
NdMnO3,3,3,-2,1.27,0.64,1.4,1.984375,0.907142857,0.457142857,1
PrMnO3,3,3,-2,1.18,0.64,1.4,1.84375,0.842857143,0.457142857,1
SmMnO3,3,3,-2,1.24,0.64,1.4,1.9375,0.885714286,0.457142857,1
SrMnO3,2,4,-2,1.44,0.53,1.4,2.716981132,1.028571429,0.378571429,1
TbMnO3,3,3,-2,1.1,0.64,1.4,1.71875,0.785714286,0.457142857,1
YbMnO3,3,3,-2,1.04,0.64,1.4,1.625,0.742857143,0.457142857,1
SrMoO3,2,4,-2,1.44,0.65,1.4,2.215384615,1.028571429,0.464285714,1
NaUO3,1,5,-2,1.39,0.76,1.4,1.828947368,0.992857143,0.542857143,1
RbNbO3,1,5,-2,1.72,0.64,1.4,2.6875,1.228571429,0.457142857,1
SrNbO3,2,4,-2,1.44,0.68,1.4,2.117647059,1.028571429,0.485714286,1
NdNiO3,3,3,-2,1.27,0.6,1.4,2.116666667,0.907142857,0.428571429,1
NdRhO3,3,3,-2,1.27,0.66,1.4,1.924242424,0.907142857,0.471428571,1
NdScO3,3,3,-2,1.27,0.74,1.4,1.716216216,0.907142857,0.528571429,1
NdTiO3,3,3,-2,1.27,0.67,1.4,1.895522388,0.907142857,0.478571429,1
NdVO3,3,3,-2,1.27,0.64,1.4,1.984375,0.907142857,0.457142857,1
PrNiO3,3,3,-2,1.18,0.6,1.4,1.966666667,0.842857143,0.428571429,1
YNiO3,3,3,-2,1.08,0.6,1.4,1.8,0.771428571,0.428571429,1
RbPaO3,1,5,-2,1.72,0.78,1.4,2.205128205,1.228571429,0.557142857,1
SrPbO3,2,4,-2,1.44,0.78,1.4,1.846153846,1.028571429,0.557142857,1
PbTiO3,2,4,-2,1.49,0.6,1.4,2.483333333,1.064285714,0.428571429,1
PrRhO3,3,3,-2,1.18,0.66,1.4,1.787878788,0.842857143,0.471428571,1
PrRuO3,3,3,-2,1.18,0.68,1.4,1.735294118,0.842857143,0.485714286,1
PrScO3,3,3,-2,1.18,0.74,1.4,1.594594595,0.842857143,0.528571429,1
PrTiO3,3,3,-2,1.18,0.67,1.4,1.76119403,0.842857143,0.478571429,1
PrVO3,3,3,-2,1.18,0.64,1.4,1.84375,0.842857143,0.457142857,1
PrYbO3,3,3,-2,1.18,0.87,1.4,1.356321839,0.842857143,0.621428571,1
PuVO3,4,2,-2,0.96,0.79,1.4,1.215189873,0.685714286,0.564285714,1
RbTaO3,1,5,-2,1.72,0.64,1.4,2.6875,1.228571429,0.457142857,1
SmRhO3,3,3,-2,1.24,0.66,1.4,1.878787879,0.885714286,0.471428571,1
TbRhO3,3,3,-2,1.1,0.66,1.4,1.666666667,0.785714286,0.471428571,1
SrRuO3,2,4,-2,1.44,0.62,1.4,2.322580645,1.028571429,0.442857143,1
SmScO3,3,3,-2,1.24,0.74,1.4,1.675675676,0.885714286,0.528571429,1
YScO3,3,3,-2,1.08,0.74,1.4,1.459459459,0.771428571,0.528571429,1
SmVO3,3,3,-2,1.24,0.64,1.4,1.9375,0.885714286,0.457142857,1
SrSnO3,2,4,-2,1.44,0.69,1.4,2.086956522,1.028571429,0.492857143,1
SrVO3,2,4,-2,1.44,0.58,1.4,2.482758621,1.028571429,0.414285714,1
SrZrO3,2,4,-2,1.44,0.72,1.4,2,1.028571429,0.514285714,1
TbTiO3,3,3,-2,1.1,0.67,1.4,1.641791045,0.785714286,0.478571429,1
TmTiO3,3,3,-2,1.05,0.67,1.4,1.567164179,0.75,0.478571429,1
YTiO3,3,3,-2,1.08,0.67,1.4,1.611940299,0.771428571,0.478571429,1
YbTiO3,3,3,-2,1.04,0.67,1.4,1.552238806,0.742857143,0.478571429,1
YVO3,3,3,-2,1.08,0.64,1.4,1.6875,0.771428571,0.457142857,1
DyAlO3,3,3,-2,1.08,0.54,1.4,2,0.771428571,0.385714286,1
GdAlO3,3,3,-2,1.11,0.54,1.4,2.055555556,0.792857143,0.385714286,1
HoAlO3,3,3,-2,1.12,0.54,1.4,2.074074074,0.8,0.385714286,1
ScAlO3,3,3,-2,0.87,0.54,1.4,1.611111111,0.621428571,0.385714286,1
BaNbO3,2,4,-2,1.61,0.68,1.4,2.367647059,1.15,0.485714286,1
BaPuO3,2,4,-2,1.61,0.86,1.4,1.872093023,1.15,0.614285714,1
BaSnO3,2,4,-2,1.61,0.69,1.4,2.333333333,1.15,0.492857143,1
BaZrO3,2,4,-2,1.61,0.72,1.4,2.236111111,1.15,0.514285714,1
BiFeO3,3,3,-2,1.17,0.64,1.4,1.828125,0.835714286,0.457142857,1
CsPbBr3,1,2,-1,1.88,1.19,1.96,1.579831933,0.959183673,0.607142857,1
CaCrO3,2,4,-2,1.34,0.55,1.4,2.436363636,0.957142857,0.392857143,1
RbCaF3,1,2,-1,1.72,1,1.33,1.72,1.293233083,0.751879699,1
CaGeO3,2,4,-2,1.34,0.53,1.4,2.528301887,0.957142857,0.378571429,1
CaMnO3,2,4,-2,1.34,0.53,1.4,2.528301887,0.957142857,0.378571429,1
CaMoO3,2,4,-2,1.34,0.65,1.4,2.061538462,0.957142857,0.464285714,1
CsCdCl3,1,2,-1,1.88,0.95,1.81,1.978947368,1.038674033,0.524861878,1
CdSnO3,2,4,-2,1.31,0.69,1.4,1.898550725,0.935714286,0.492857143,1
CdTiO3,2,4,-2,1.31,0.6,1.4,2.183333333,0.935714286,0.428571429,1
CeGaO3,3,3,-2,1.34,0.62,1.4,2.161290323,0.957142857,0.442857143,1
CeTiO3,4,2,-2,1.14,0.86,1.4,1.325581395,0.814285714,0.614285714,1
CeTmO3,3,3,-2,1.34,0.88,1.4,1.522727273,0.957142857,0.628571429,1
CeYbO3,3,3,-2,1.34,0.87,1.4,1.540229885,0.957142857,0.621428571,1
CsPbCl3,1,2,-1,1.88,1.19,1.81,1.579831933,1.038674033,0.657458564,1
TlMnCl3,1,2,-1,1.7,0.83,1.81,2.048192771,0.939226519,0.458563536,1
NaCoF3,1,2,-1,1.39,0.74,1.33,1.878378378,1.045112782,0.556390977,1
SmCoO3,3,3,-2,1.24,0.61,1.4,2.032786885,0.885714286,0.435714286,1
TbCoO3,3,3,-2,1.1,0.61,1.4,1.803278689,0.785714286,0.435714286,1
TlCrF3,1,2,-1,1.7,0.8,1.33,2.125,1.278195489,0.601503759,1
HoCrO3,3,3,-2,1.12,0.62,1.4,1.806451613,0.8,0.442857143,1
SmCrO3,3,3,-2,1.24,0.62,1.4,2,0.885714286,0.442857143,1
TbCrO3,3,3,-2,1.1,0.62,1.4,1.774193548,0.785714286,0.442857143,1
CsHgF3,1,2,-1,1.88,1.02,1.33,1.843137255,1.413533835,0.766917293,1
CsPbF3,1,2,-1,1.88,1.19,1.33,1.579831933,1.413533835,0.894736842,1
CsSrF3,1,2,-1,1.88,1.18,1.33,1.593220339,1.413533835,0.887218045,1
CsIO3,1,5,-2,1.88,0.95,1.4,1.978947368,1.342857143,0.678571429,1
NaCuF3,1,2,-1,1.39,0.73,1.33,1.904109589,1.045112782,0.54887218,1
DyScO3,3,3,-2,1.08,0.74,1.4,1.459459459,0.771428571,0.528571429,1
LaErO3,3,3,-2,1.36,0.89,1.4,1.528089888,0.971428571,0.635714286,1
ErRhO3,3,3,-2,1.06,0.66,1.4,1.606060606,0.757142857,0.471428571,1
EuRhO3,3,3,-2,1.12,0.66,1.4,1.696969697,0.8,0.471428571,1
EuTiO3,3,3,-2,1.12,0.67,1.4,1.671641791,0.8,0.478571429,1
RbFeF3,1,2,-1,1.72,0.78,1.33,2.205128205,1.293233083,0.586466165,1
RbHgF3,1,2,-1,1.72,1.02,1.33,1.68627451,1.293233083,0.766917293,1
NaVF3,1,2,-1,1.39,0.79,1.33,1.759493671,1.045112782,0.593984962,1
LuFeO3,3,3,-2,1.03,0.64,1.4,1.609375,0.735714286,0.457142857,1
NdFeO3,3,3,-2,1.27,0.64,1.4,1.984375,0.907142857,0.457142857,1
YbFeO3,3,3,-2,1.04,0.64,1.4,1.625,0.742857143,0.457142857,1
GdRhO3,3,3,-2,1.11,0.66,1.4,1.681818182,0.792857143,0.471428571,1
LaHoO3,3,3,-2,1.36,0.9,1.4,1.511111111,0.971428571,0.642857143,1
HoMnO3,3,3,-2,1.12,0.64,1.4,1.75,0.8,0.457142857,1
HoRhO3,3,3,-2,1.12,0.66,1.4,1.696969697,0.8,0.471428571,1
KIO3,1,5,-2,1.64,0.95,1.4,1.726315789,1.171428571,0.678571429,1
RbIO3,1,5,-2,1.72,0.95,1.4,1.810526316,1.228571429,0.678571429,1
KPaO3,1,5,-2,1.64,0.78,1.4,2.102564103,1.171428571,0.557142857,1
LaRhO3,3,3,-2,1.36,0.66,1.4,2.060606061,0.971428571,0.471428571,1
LaRuO3,3,3,-2,1.36,0.68,1.4,2,0.971428571,0.485714286,1
YMnO3,3,3,-2,1.08,0.64,1.4,1.6875,0.771428571,0.457142857,1
NaNbO3,1,5,-2,1.39,0.64,1.4,2.171875,0.992857143,0.457142857,1
NaPaO3,1,5,-2,1.39,0.78,1.4,1.782051282,0.992857143,0.557142857,1
NaSbO3,1,5,-2,1.39,0.6,1.4,2.316666667,0.992857143,0.428571429,1
NaTaO3,1,5,-2,1.39,0.64,1.4,2.171875,0.992857143,0.457142857,1
NaWO3,1,5,-2,1.39,0.62,1.4,2.241935484,0.992857143,0.442857143,1
SmNiO3,3,3,-2,1.24,0.6,1.4,2.066666667,0.885714286,0.428571429,1
TlNiO3,3,3,-2,0.98,0.6,1.4,1.633333333,0.7,0.428571429,1
TmNiO3,3,3,-2,1.05,0.6,1.4,1.75,0.75,0.428571429,1
YbNiO3,3,3,-2,1.04,0.6,1.4,1.733333333,0.742857143,0.428571429,1
PbZrO3,2,4,-2,1.49,0.72,1.4,2.069444444,1.064285714,0.514285714,1
SrPuO3,2,4,-2,1.44,0.86,1.4,1.674418605,1.028571429,0.614285714,1
RbUO3,1,5,-2,1.72,0.76,1.4,2.263157895,1.228571429,0.542857143,1
SmTiO3,3,3,-2,1.24,0.67,1.4,1.850746269,0.885714286,0.478571429,1
SrTiO3,2,4,-2,1.44,0.6,1.4,2.4,1.028571429,0.428571429,1
